<?xml version="1.0" encoding="UTF-8"?>
<!DOCTYPE mapper
  PUBLIC "-//mybatis.org//DTD Mapper 3.0//EN"
  "http://mybatis.org/dtd/mybatis-3-mapper.dtd">

<mapper namespace="dao.IUserDAO">
	<select id="get" resultType="vo.User">
		select * from user where id = #{id}
	</select>
	
<update id="updatePassword">
    update user set password=#{password} where id=#{id}
</update>

<update id="updateMoney">
    update user set money=#{money} where id=#{id}
</update>

<update id="lock">
    update user set locker=#{lock} where id=#{id}
</update>

<update id="inMoney">
    update user set money=money+#{money} where id=#{id}
</update>

<update id="deMoney">
    update user set money=money-#{money} where id=#{id}
</update>

</mapper>