<?xml version="1.0" encoding="UTF-8"?>
<!DOCTYPE configuration PUBLIC "-//mybatis.org//DTD Config 3.0//EN" "http://mybatis.org/dtd/mybatis-3-config.dtd">  
<configuration>    
   <settings>     
    	<setting name="logImpl" value="LOG4J2" />       
    </settings>  
    
    <plugins>
		<plugin interceptor="com.github.pagehelper.PageInterceptor">
			<!--reasonable：分页合理化参数，默认值为false,直接根据参数进行查询。
			  当该参数设置为 true 时，pageNum<=0 时会查询第一页， pageNum>pages（超过总数时），会查询最后一页。-->
			<!--<property name="reasonable" value="true"/>-->
		</plugin>
	</plugins>  
</configuration> 