<?xml version="1.0" encoding="UTF-8"?>
<beans xmlns="http://www.springframework.org/schema/beans"
	xmlns:xsi="http://www.w3.org/2001/XMLSchema-instance" 
	xmlns:context="http://www.springframework.org/schema/context"
	xmlns:mvc="http://www.springframework.org/schema/mvc"
	xsi:schemaLocation="http://www.springframework.org/schema/beans    
                        http://www.springframework.org/schema/beans/spring-beans.xsd    
                        http://www.springframework.org/schema/context    
                        http://www.springframework.org/schema/context/spring-context.xsd    
                        http://www.springframework.org/schema/mvc    
                        http://www.springframework.org/schema/mvc/spring-mvc.xsd">

	<!-- 扫描类包，将标注Spring注解的类自动转化Bean，同时完成Bean的注入 -->
	<context:component-scan base-package="service" />
	
	<!-- 引入jdbc配置文件 -->
	<bean id="propertyConfigurer"
		class="org.springframework.beans.factory.config.PropertyPlaceholderConfigurer">
		<property name="location" value="classpath:jdbc.properties" />
	</bean>
	
	<!-- 数据库连接池 -->
	<bean id="dataSource" class="com.alibaba.druid.pool.DruidDataSource"
		destroy-method="close">
		<property name="driverClassName" value="${driver}" />
		<property name="url" value="${url}" />
		<property name="username" value="${username}" />
		<property name="password" value="${password}" />
		<!-- 初始化连接大小 -->
		<property name="initialSize" value="${initialSize}"></property>
		<!-- 连接池最大数量 -->
		<property name="maxActive" value="${maxActive}"></property>
		<!-- 连接池最小空闲 -->
		<property name="minIdle" value="${minIdle}"></property>
		<!-- 获取连接最大等待时间 -->
		<property name="maxWait" value="${maxWait}"></property>
		<!-- 验证连接是否可用，使用的SQL语句 -->
		<property name="validationQuery" value="SELECT 1"></property>
	</bean>

	<!-- spring和MyBatis完美整合，不需要mybatis的配置映射文件 -->
	<bean id="sqlSessionFactory" class="org.mybatis.spring.SqlSessionFactoryBean">
		<property name="dataSource" ref="dataSource" />
 		<!-- <property name="configLocation" value="classpath:mybatis.xml"></property> -->
		<!-- 自动扫描mapping.xml文件 -->
		<property name="mapperLocations" value="classpath:mapping/*.xml"></property>
	</bean>

	<!-- DAO接口所在包名，Spring会自动查找其下的类 -->
	<bean class="org.mybatis.spring.mapper.MapperScannerConfigurer">
		<property name="basePackage" value="dao" />
		<property name="sqlSessionFactoryBeanName" value="sqlSessionFactory"></property>
	</bean>

	<!-- (事务管理)transaction manager, use JtaTransactionManager for global tx -->
	<bean id="transactionManager"
		class="org.springframework.jdbc.datasource.DataSourceTransactionManager">
		<property name="dataSource" ref="dataSource" />
	</bean>

</beans>  