﻿<?xml version="1.0" encoding="UTF-8"?>
<beans xmlns="http://www.springframework.org/schema/beans"
	xmlns:xsi="http://www.w3.org/2001/XMLSchema-instance" xmlns:context="http://www.springframework.org/schema/context"
	xmlns:mvc="http://www.springframework.org/schema/mvc" xmlns:aop="http://www.springframework.org/schema/aop"
	xmlns:tx="http://www.springframework.org/schema/tx"
	xsi:schemaLocation="http://www.springframework.org/schema/beans    
                        http://www.springframework.org/schema/beans/spring-beans.xsd    
                        http://www.springframework.org/schema/context    
                        http://www.springframework.org/schema/context/spring-context.xsd    
                        http://www.springframework.org/schema/mvc    
                        http://www.springframework.org/schema/mvc/spring-mvc.xsd
                        http://www.springframework.org/schema/tx
       					http://www.springframework.org/schema/tx/spring-tx.xsd
                        http://www.springframework.org/schema/aop
        			    http://www.springframework.org/schema/aop/spring-aop.xsd">
	
	<mvc:annotation-driven>
	 <!-- 消息转换器 ,指定输出内容类型-->
    <mvc:message-converters register-defaults="true">
      <bean class="org.springframework.http.converter.json.MappingJackson2HttpMessageConverter">
        <property name="supportedMediaTypes" value="text/plain;charset=UTF-8"/>
      </bean>
    </mvc:message-converters>
	</mvc:annotation-driven>
	<!-- 扫描类包，将标注Spring注解的类自动转化Bean，同时完成Bean的注入 -->
	<context:component-scan base-package="controller" />
	<context:component-scan base-package="service" />
	<!-- <mvc:default-servlet-handler/>   -->

	<!--配置视图解析器 -->
	<!-- ViewResolver 视图解析器 用于将返回的ModelAndView对象进行分离 
	     InternalResourceViewResolver：用于支持Servlet、JSP视图解析； 
		 viewClass：JstlView表示JSP模板页面需要使用JSTL标签库，classpath中必须包含jstl的相关jar包； prefix和suffix：查找视图页面的前缀和后缀（前缀[逻辑视图名]后缀）， 
		比如传进来的逻辑视图名为hello，则该该jsp视图页面应该存放在“/hello.jsp”； -->
	<bean
		class="org.springframework.web.servlet.view.InternalResourceViewResolver">
		<property name="prefix" value="/"></property> <!-- 视图放在webroot/下 -->
		<property name="suffix" value=".jsp"></property>
	</bean>
</beans> 